id,timestamp,timestamp_iso,timestamp_est,wallet,side,price,size,usdc_value,asset,condition_id,outcome,event_slug,transaction_hash,fee_rate
,1772243375,2026-02-28 01:49:35,2026-02-27 20:49:35,0xd015de9ba4b79a2e439d59f90c8236dbee940649,BUY,0.999,5.0,4.995,84912020331156341434609185588701227801655543658646187034190267096391958765305,0x326f53949919af3d944f94e7ef68aaaba498fe903b7b81bc04038535f9a9dc32,Up,eth-5min-up-or-down-2026-02-27-20:45,0xe3fb81887339b47490264d587623b9e1c73614a528f43690fdaab3714d84d324,
,1772243375,2026-02-28 01:49:35,2026-02-27 20:49:35,0xd015de9ba4b79a2e439d59f90c8236dbee940649,BUY,0.999,5.0,4.995,84912020331156341434609185588701227801655543658646187034190267096391958765305,0x326f53949919af3d944f94e7ef68aaaba498fe903b7b81bc04038535f9a9dc32,Up,eth-5min-up-or-down-2026-02-27-20:45,0xe3fb81887339b47490264d587623b9e1c73614a528f43690fdaab3714d84d324,
,1772243375,2026-02-28 01:49:35,2026-02-27 20:49:35,0xd015de9ba4b79a2e439d59f90c8236dbee940649,BUY,0.999,5.0,4.995,84912020331156341434609185588701227801655543658646187034190267096391958765305,0x326f53949919af3d944f94e7ef68aaaba498fe903b7b81bc04038535f9a9dc32,Up,eth-5min-up-or-down-2026-02-27-20:45,0xe3fb81887339b47490264d587623b9e1c73614a528f43690fdaab3714d84d324,
,1772243375,2026-02-28 01:49:35,2026-02-27 20:49:35,0xd015de9ba4b79a2e439d59f90c8236dbee940649,BUY,0.999,5.0,4.995,84912020331156341434609185588701227801655543658646187034190267096391958765305,0x326f53949919af3d944f94e7ef68aaaba498fe903b7b81bc04038535f9a9dc32,Up,eth-5min-up-or-down-2026-02-27-20:45,0xe3fb81887339b47490264d587623b9e1c73614a528f43690fdaab3714d84d324,
,1772241019,2026-02-28 01:10:19,2026-02-27 20:10:19,0xd015de9ba4b79a2e439d59f90c8236dbee940649,BUY,0.999,5.0,4.995,110348007681648621419026982609939957474528099716607730778470161415774409593966,0xe2ae2d15f258f85842f32e7f213f0b20e734fd37becfb2ef8108a8e3ec9fdcb5,Down,sol-5min-up-or-down-2026-02-27-20:05,0x20bc461e85aa084a6b43780d1f676232ec87ea10a5a27e17c5c87a124c26c2e5,
,1772241019,2026-02-28 01:10:19,2026-02-27 20:10:19,0xd015de9ba4b79a2e439d59f90c8236dbee940649,BUY,0.999,5.0,4.995,110348007681648621419026982609939957474528099716607730778470161415774409593966,0xe2ae2d15f258f85842f32e7f213f0b20e734fd37becfb2ef8108a8e3ec9fdcb5,Down,sol-5min-up-or-down-2026-02-27-20:05,0x20bc461e85aa084a6b43780d1f676232ec87ea10a5a27e17c5c87a124c26c2e5,
,1772241015,2026-02-28 01:10:15,2026-02-27 20:10:15,0xd015de9ba4b79a2e439d59f90c8236dbee940649,BUY,0.999,1.01,1.00899,86092043745773463881152934876679971541549313237234826424026307440330378580102,0x828872bb3707aa6dfd039c73660fc7f9cade4d977a24956236a42945483a2ebd,Down,eth-5min-up-or-down-2026-02-27-20:05,0x017a816da4baab331cafed48c296bb4a1611143abf7e0725003b57eb5f0aab6e,
,1772240985,2026-02-28 01:09:45,2026-02-27 20:09:45,0xd015de9ba4b79a2e439d59f90c8236dbee940649,BUY,0.999,0.32,0.31968,73156855066083622725360775795279859862728244036449989365843965371450482766934,0xfefc8e9434e53abb96edf9d764f631538dbc0e9e247a49226ddba3bccdf879f9,Down,btc-5min-up-or-down-2026-02-27-20:05,0x6f167e18921a3bb7c1640541b3a5d9a11e5ae1cee445d36e2d93e5f4d8e4201f,
,1772240983,2026-02-28 01:09:43,2026-02-27 20:09:43,0xd015de9ba4b79a2e439d59f90c8236dbee940649,BUY,0.999,5.0,4.995,73156855066083622725360775795279859862728244036449989365843965371450482766934,0xfefc8e9434e53abb96edf9d764f631538dbc0e9e247a49226ddba3bccdf879f9,Down,btc-5min-up-or-down-2026-02-27-20:05,0x0515d5acb5fa137794ce119ab761efd7af07951b5ba4121036f6a32a18dd84f5,
,1772240983,2026-02-28 01:09:43,2026-02-27 20:09:43,0xd015de9ba4b79a2e439d59f90c8236dbee940649,BUY,0.999,5.0,4.995,73156855066083622725360775795279859862728244036449989365843965371450482766934,0xfefc8e9434e53abb96edf9d764f631538dbc0e9e247a49226ddba3bccdf879f9,Down,btc-5min-up-or-down-2026-02-27-20:05,0x0515d5acb5fa137794ce119ab761efd7af07951b5ba4121036f6a32a18dd84f5,
,1772240983,2026-02-28 01:09:43,2026-02-27 20:09:43,0xd015de9ba4b79a2e439d59f90c8236dbee940649,BUY,0.999,5.0,4.995,73156855066083622725360775795279859862728244036449989365843965371450482766934,0xfefc8e9434e53abb96edf9d764f631538dbc0e9e247a49226ddba3bccdf879f9,Down,btc-5min-up-or-down-2026-02-27-20:05,0x0515d5acb5fa137794ce119ab761efd7af07951b5ba4121036f6a32a18dd84f5,
,1772240983,2026-02-28 01:09:43,2026-02-27 20:09:43,0xd015de9ba4b79a2e439d59f90c8236dbee940649,BUY,0.999,4.68,4.67532,73156855066083622725360775795279859862728244036449989365843965371450482766934,0xfefc8e9434e53abb96edf9d764f631538dbc0e9e247a49226ddba3bccdf879f9,Down,btc-5min-up-or-down-2026-02-27-20:05,0x0515d5acb5fa137794ce119ab761efd7af07951b5ba4121036f6a32a18dd84f5,
,1772240117,2026-02-28 00:55:17,2026-02-27 19:55:17,0xd015de9ba4b79a2e439d59f90c8236dbee940649,BUY,0.999,5.0,4.995,29561374346987218830278985304559965459259732593137340580699622026461443976333,0x0c705fc66f2d9011abb40c18927313fcab077752c733adc0c96989b1ba392c1f,Down,btc-5min-up-or-down-2026-02-27-19:50,0xe7ee10ded5b5feab86b59e7a3d2c10dc9d1e944f9d41eae61c89002e6d72fd86,
,1772240117,2026-02-28 00:55:17,2026-02-27 19:55:17,0xd015de9ba4b79a2e439d59f90c8236dbee940649,BUY,0.999,5.0,4.995,29561374346987218830278985304559965459259732593137340580699622026461443976333,0x0c705fc66f2d9011abb40c18927313fcab077752c733adc0c96989b1ba392c1f,Down,btc-5min-up-or-down-2026-02-27-19:50,0xe7ee10ded5b5feab86b59e7a3d2c10dc9d1e944f9d41eae61c89002e6d72fd86,
,1772240117,2026-02-28 00:55:17,2026-02-27 19:55:17,0xd015de9ba4b79a2e439d59f90c8236dbee940649,BUY,0.999,5.0,4.995,29561374346987218830278985304559965459259732593137340580699622026461443976333,0x0c705fc66f2d9011abb40c18927313fcab077752c733adc0c96989b1ba392c1f,Down,btc-5min-up-or-down-2026-02-27-19:50,0xe7ee10ded5b5feab86b59e7a3d2c10dc9d1e944f9d41eae61c89002e6d72fd86,
,1772240117,2026-02-28 00:55:17,2026-02-27 19:55:17,0xd015de9ba4b79a2e439d59f90c8236dbee940649,BUY,0.999,5.0,4.995,29561374346987218830278985304559965459259732593137340580699622026461443976333,0x0c705fc66f2d9011abb40c18927313fcab077752c733adc0c96989b1ba392c1f,Down,btc-5min-up-or-down-2026-02-27-19:50,0xe7ee10ded5b5feab86b59e7a3d2c10dc9d1e944f9d41eae61c89002e6d72fd86,
,1772239435,2026-02-28 00:43:55,2026-02-27 19:43:55,0xd015de9ba4b79a2e439d59f90c8236dbee940649,BUY,0.999,5.0,4.995,79085957735623864390015796831767125209840297224040484506844590235721492094026,0xd6176da4d9d6627863043686bc62913dfbfa12508a5ab5c70995405f8e66fa9c,Up,eth-15min-up-or-down-2026-02-27-19:30,0x494b550b46823bee817bfa4a1e00a729edc963f6e523bf21c41e708592503a76,
,1772239435,2026-02-28 00:43:55,2026-02-27 19:43:55,0xd015de9ba4b79a2e439d59f90c8236dbee940649,BUY,0.999,5.0,4.995,79085957735623864390015796831767125209840297224040484506844590235721492094026,0xd6176da4d9d6627863043686bc62913dfbfa12508a5ab5c70995405f8e66fa9c,Up,eth-15min-up-or-down-2026-02-27-19:30,0x494b550b46823bee817bfa4a1e00a729edc963f6e523bf21c41e708592503a76,
,1772239349,2026-02-28 00:42:29,2026-02-27 19:42:29,0xd015de9ba4b79a2e439d59f90c8236dbee940649,BUY,0.999,5.0,4.995,40617142180140004040235968082611222945856322399998190688675873302500148173096,0xa6bb8994c104125cbd9a249d18c1faa9e472a650b8b253491fda4f45011f2394,Up,xrp-15min-up-or-down-2026-02-27-19:30,0x630f7790286e66a535cf57e8b4c4c2bf8ee1c2746945eca5a910363c5648e146,
,1772239349,2026-02-28 00:42:29,2026-02-27 19:42:29,0xd015de9ba4b79a2e439d59f90c8236dbee940649,BUY,0.999,5.0,4.995,40617142180140004040235968082611222945856322399998190688675873302500148173096,0xa6bb8994c104125cbd9a249d18c1faa9e472a650b8b253491fda4f45011f2394,Up,xrp-15min-up-or-down-2026-02-27-19:30,0x630f7790286e66a535cf57e8b4c4c2bf8ee1c2746945eca5a910363c5648e146,
,1772239349,2026-02-28 00:42:29,2026-02-27 19:42:29,0xd015de9ba4b79a2e439d59f90c8236dbee940649,BUY,0.999,5.0,4.995,40617142180140004040235968082611222945856322399998190688675873302500148173096,0xa6bb8994c104125cbd9a249d18c1faa9e472a650b8b253491fda4f45011f2394,Up,xrp-15min-up-or-down-2026-02-27-19:30,0x630f7790286e66a535cf57e8b4c4c2bf8ee1c2746945eca5a910363c5648e146,
,1772239349,2026-02-28 00:42:29,2026-02-27 19:42:29,0xd015de9ba4b79a2e439d59f90c8236dbee940649,BUY,0.999,5.0,4.995,40617142180140004040235968082611222945856322399998190688675873302500148173096,0xa6bb8994c104125cbd9a249d18c1faa9e472a650b8b253491fda4f45011f2394,Up,xrp-15min-up-or-down-2026-02-27-19:30,0x630f7790286e66a535cf57e8b4c4c2bf8ee1c2746945eca5a910363c5648e146,
,1772238021,2026-02-28 00:20:21,2026-02-27 19:20:21,0xd015de9ba4b79a2e439d59f90c8236dbee940649,BUY,0.999,1.24,1.23876,12690504401913797599444388894385873582686879748730484665941942870198481239167,0xc816246477ea9f2973efe2901fe0be16f03fa429d3feaa7e21bfa3ff154c3e53,Down,eth-5min-up-or-down-2026-02-27-19:15,0x8cd938dfcbe0d394d7915763c28cd8fcfa9733e60b0e9e17e05fcafe95a3b893,
,1772238021,2026-02-28 00:20:21,2026-02-27 19:20:21,0xd015de9ba4b79a2e439d59f90c8236dbee940649,BUY,0.999,5.0,4.995,12690504401913797599444388894385873582686879748730484665941942870198481239167,0xc816246477ea9f2973efe2901fe0be16f03fa429d3feaa7e21bfa3ff154c3e53,Down,eth-5min-up-or-down-2026-02-27-19:15,0x8cd938dfcbe0d394d7915763c28cd8fcfa9733e60b0e9e17e05fcafe95a3b893,
,1772238015,2026-02-28 00:20:15,2026-02-27 19:20:15,0xd015de9ba4b79a2e439d59f90c8236dbee940649,BUY,0.999,5.0,4.995,12690504401913797599444388894385873582686879748730484665941942870198481239167,0xc816246477ea9f2973efe2901fe0be16f03fa429d3feaa7e21bfa3ff154c3e53,Down,eth-5min-up-or-down-2026-02-27-19:15,0x4f0a0d3c05b64c07397f358eac509eca2fd83d51d0d1a77e775a6f5e07fb848f,
,1772238015,2026-02-28 00:20:15,2026-02-27 19:20:15,0xd015de9ba4b79a2e439d59f90c8236dbee940649,BUY,0.999,5.0,4.995,12690504401913797599444388894385873582686879748730484665941942870198481239167,0xc816246477ea9f2973efe2901fe0be16f03fa429d3feaa7e21bfa3ff154c3e53,Down,eth-5min-up-or-down-2026-02-27-19:15,0x4f0a0d3c05b64c07397f358eac509eca2fd83d51d0d1a77e775a6f5e07fb848f,
,1772238015,2026-02-28 00:20:15,2026-02-27 19:20:15,0xd015de9ba4b79a2e439d59f90c8236dbee940649,BUY,0.999,3.76,3.75624,12690504401913797599444388894385873582686879748730484665941942870198481239167,0xc816246477ea9f2973efe2901fe0be16f03fa429d3feaa7e21bfa3ff154c3e53,Down,eth-5min-up-or-down-2026-02-27-19:15,0x4f0a0d3c05b64c07397f358eac509eca2fd83d51d0d1a77e775a6f5e07fb848f,
,1772237977,2026-02-28 00:19:37,2026-02-27 19:19:37,0xd015de9ba4b79a2e439d59f90c8236dbee940649,BUY,0.999,5.0,4.995,74808023706867181531075058644501938304839955570863308615877233422150146327918,0xc789c5dccc6628f1eb1f473b596eaaa0f0e833f2ac19a0d083e924fa39af08f3,Down,xrp-5min-up-or-down-2026-02-27-19:15,0x4a1619b0dcb519a1d4cc2de283c1183f7501381e0a3842e6214a1c39495fbe52,
,1772237977,2026-02-28 00:19:37,2026-02-27 19:19:37,0xd015de9ba4b79a2e439d59f90c8236dbee940649,BUY,0.999,5.0,4.995,74808023706867181531075058644501938304839955570863308615877233422150146327918,0xc789c5dccc6628f1eb1f473b596eaaa0f0e833f2ac19a0d083e924fa39af08f3,Down,xrp-5min-up-or-down-2026-02-27-19:15,0x4a1619b0dcb519a1d4cc2de283c1183f7501381e0a3842e6214a1c39495fbe52,
,1772237977,2026-02-28 00:19:37,2026-02-27 19:19:37,0xd015de9ba4b79a2e439d59f90c8236dbee940649,BUY,0.999,1.14,1.13886,74808023706867181531075058644501938304839955570863308615877233422150146327918,0xc789c5dccc6628f1eb1f473b596eaaa0f0e833f2ac19a0d083e924fa39af08f3,Down,xrp-5min-up-or-down-2026-02-27-19:15,0x4a1619b0dcb519a1d4cc2de283c1183f7501381e0a3842e6214a1c39495fbe52,
,1772235927,2026-02-27 23:45:27,2026-02-27 18:45:27,0xd015de9ba4b79a2e439d59f90c8236dbee940649,BUY,0.999,2.62,2.61738,10196995133872319801045375383870084326370929288611231057866103785481489213933,0x580288c832698ff9c13a137a3deaa29a5a39b76a89f8746e0679fbe88eeb85cc,Down,eth-5min-up-or-down-2026-02-27-18:40,0x8a62c0a94941b6444f81a06ecb2e21cf10f9c0c3bb9bd3954e20b0abf628ea08,
,1772235921,2026-02-27 23:45:21,2026-02-27 18:45:21,0xd015de9ba4b79a2e439d59f90c8236dbee940649,BUY,0.999,5.0,4.995,5371096114611119152767654503064702717036655635155351821734908410487441496635,0xd89216b4a605b8626f7ead90f8f4689f7d59e34452a1de6d2b29da53846aec38,Down,xrp-5min-up-or-down-2026-02-27-18:40,0x6233818960c3ed3257743320aa6700e765e1d4e295f229cfda393be169ba08cd,
,1772235909,2026-02-27 23:45:09,2026-02-27 18:45:09,0xd015de9ba4b79a2e439d59f90c8236dbee940649,BUY,0.999,5.0,4.995,10196995133872319801045375383870084326370929288611231057866103785481489213933,0x580288c832698ff9c13a137a3deaa29a5a39b76a89f8746e0679fbe88eeb85cc,Down,eth-5min-up-or-down-2026-02-27-18:40,0x14eae3653ed34d2a06725b2976f8e5a1eca61db5fc290a17836cbdb8cc3176b4,
,1772235909,2026-02-27 23:45:09,2026-02-27 18:45:09,0xd015de9ba4b79a2e439d59f90c8236dbee940649,BUY,0.999,2.38,2.37762,10196995133872319801045375383870084326370929288611231057866103785481489213933,0x580288c832698ff9c13a137a3deaa29a5a39b76a89f8746e0679fbe88eeb85cc,Down,eth-5min-up-or-down-2026-02-27-18:40,0x14eae3653ed34d2a06725b2976f8e5a1eca61db5fc290a17836cbdb8cc3176b4,
,1772235901,2026-02-27 23:45:01,2026-02-27 18:45:01,0xd015de9ba4b79a2e439d59f90c8236dbee940649,BUY,0.999,1.02,1.01898,37495653990149806515932482862744528677104515109209216608726048698199981344811,0x91d6d2006ad20eace92d13c9d06c3196ac888da6e595d1ff3941bd15fe951e9f,Down,xrp-15min-up-or-down-2026-02-27-18:30,0xe9ebc57c928e05445b9cc4ca331389481a7bda6cefeeebf6c3169ce7af449a3f,
,1772235771,2026-02-27 23:42:51,2026-02-27 18:42:51,0xd015de9ba4b79a2e439d59f90c8236dbee940649,BUY,0.999,5.0,4.995,79161535530365477656545621295721516613304721940944385533837430620591343561676,0x26aac9e39a3cc77c08d5378d3e8070497d8cf0c146ce829bbe4ecf03ce410775,Down,sol-5min-up-or-down-2026-02-27-18:40,0x24ed97f3537a14c23d6183c459d70da09588c02bc9ce6acbac6358b6b53c19f4,
,1772235771,2026-02-27 23:42:51,2026-02-27 18:42:51,0xd015de9ba4b79a2e439d59f90c8236dbee940649,BUY,0.999,5.0,4.995,79161535530365477656545621295721516613304721940944385533837430620591343561676,0x26aac9e39a3cc77c08d5378d3e8070497d8cf0c146ce829bbe4ecf03ce410775,Down,sol-5min-up-or-down-2026-02-27-18:40,0x24ed97f3537a14c23d6183c459d70da09588c02bc9ce6acbac6358b6b53c19f4,
,1772235771,2026-02-27 23:42:51,2026-02-27 18:42:51,0xd015de9ba4b79a2e439d59f90c8236dbee940649,BUY,0.999,5.0,4.995,79161535530365477656545621295721516613304721940944385533837430620591343561676,0x26aac9e39a3cc77c08d5378d3e8070497d8cf0c146ce829bbe4ecf03ce410775,Down,sol-5min-up-or-down-2026-02-27-18:40,0x24ed97f3537a14c23d6183c459d70da09588c02bc9ce6acbac6358b6b53c19f4,
,1772232049,2026-02-27 22:40:49,2026-02-27 17:40:49,0xd015de9ba4b79a2e439d59f90c8236dbee940649,BUY,0.999,5.0,4.995,8849661712239613604483337784717087637699789062103492172487051538803798643681,0x9c77ca46eb1eb6121b20efd9bc7472ddb53bdd32e8a8eb10247717d33694d95b,Up,btc-5min-up-or-down-2026-02-27-17:35,0x8046544d465371e4078fe4b665885ff4dfb8f562d681e7bfaaa4b55c7c7d7d39,
,1772232049,2026-02-27 22:40:49,2026-02-27 17:40:49,0xd015de9ba4b79a2e439d59f90c8236dbee940649,BUY,0.999,5.0,4.995,8849661712239613604483337784717087637699789062103492172487051538803798643681,0x9c77ca46eb1eb6121b20efd9bc7472ddb53bdd32e8a8eb10247717d33694d95b,Up,btc-5min-up-or-down-2026-02-27-17:35,0x8046544d465371e4078fe4b665885ff4dfb8f562d681e7bfaaa4b55c7c7d7d39,
,1772232049,2026-02-27 22:40:49,2026-02-27 17:40:49,0xd015de9ba4b79a2e439d59f90c8236dbee940649,BUY,0.999,5.0,4.995,8849661712239613604483337784717087637699789062103492172487051538803798643681,0x9c77ca46eb1eb6121b20efd9bc7472ddb53bdd32e8a8eb10247717d33694d95b,Up,btc-5min-up-or-down-2026-02-27-17:35,0x8046544d465371e4078fe4b665885ff4dfb8f562d681e7bfaaa4b55c7c7d7d39,
,1772231021,2026-02-27 22:23:41,2026-02-27 17:23:41,0xd015de9ba4b79a2e439d59f90c8236dbee940649,BUY,0.999,5.0,4.995,61369536233737814766646888262022678584864739184812261469383154588101751143272,0x468a96863a2da09cbff6b3d7df7cd50571a578164671f6d8c2de8c6724214902,Down,btc-5min-up-or-down-2026-02-27-17:20,0xda96f59a62d171236ffd8d43b27e9d25a7e4743d9a2ab4cc125f954088b3307a,
,1772231019,2026-02-27 22:23:39,2026-02-27 17:23:39,0xd015de9ba4b79a2e439d59f90c8236dbee940649,BUY,0.999,5.0,4.995,61369536233737814766646888262022678584864739184812261469383154588101751143272,0x468a96863a2da09cbff6b3d7df7cd50571a578164671f6d8c2de8c6724214902,Down,btc-5min-up-or-down-2026-02-27-17:20,0xf2a515f6d346d852f8e7f109233373da5f3e2d5a386eb08a207be5fa2b1e4126,
,1772231019,2026-02-27 22:23:39,2026-02-27 17:23:39,0xd015de9ba4b79a2e439d59f90c8236dbee940649,BUY,0.999,5.0,4.995,43572188944010005646978216768115806460470743379257210232610752189079040029182,0xbbc17e0b89d4d6c2c5b314e818cb0e447e27fc3183227f9abb934e52e7866f5a,Down,eth-5min-up-or-down-2026-02-27-17:20,0x7b6dda8cb903015a1bcd4d277dd2d0e55157c7afd367433ecb7141d40f784921,
,1772231019,2026-02-27 22:23:39,2026-02-27 17:23:39,0xd015de9ba4b79a2e439d59f90c8236dbee940649,BUY,0.999,4.99,4.98501,43572188944010005646978216768115806460470743379257210232610752189079040029182,0xbbc17e0b89d4d6c2c5b314e818cb0e447e27fc3183227f9abb934e52e7866f5a,Down,eth-5min-up-or-down-2026-02-27-17:20,0x7b6dda8cb903015a1bcd4d277dd2d0e55157c7afd367433ecb7141d40f784921,
,1772231019,2026-02-27 22:23:39,2026-02-27 17:23:39,0xd015de9ba4b79a2e439d59f90c8236dbee940649,BUY,0.999,5.0,4.995,61369536233737814766646888262022678584864739184812261469383154588101751143272,0x468a96863a2da09cbff6b3d7df7cd50571a578164671f6d8c2de8c6724214902,Down,btc-5min-up-or-down-2026-02-27-17:20,0x7554dded0cffa37852f0c426c81809daa5a36488c472189b1ccce719fb25970c,
,1772230453,2026-02-27 22:14:13,2026-02-27 17:14:13,0xd015de9ba4b79a2e439d59f90c8236dbee940649,BUY,0.999,5.0,4.995,12872944874058492949536116919126652410939752606100201434722484703923176051424,0xf33206e55c6e8ddc9f9341aae55912e49318448c230214cb5982ac8be8b272ab,Down,xrp-15min-up-or-down-2026-02-27-17:00,0x272c51d29dbbd65e8a3628e2a172457271650f66f46ad7825116213c00837980,
,1772228671,2026-02-27 21:44:31,2026-02-27 16:44:31,0xd015de9ba4b79a2e439d59f90c8236dbee940649,BUY,0.999,5.0,4.995,51232735149011691230222537148224658453732413476436522112245904559548172999948,0xa8ef34c23b7969f54114493fa02b18feb97a3a162da231b42e8a458151c78419,Down,sol-15min-up-or-down-2026-02-27-16:30,0x0cdfa2ed9fe83111eed5f929984d0425162780183a4183efa2ec2a17e732996a,
,1772228629,2026-02-27 21:43:49,2026-02-27 16:43:49,0xd015de9ba4b79a2e439d59f90c8236dbee940649,BUY,0.999,5.0,4.995,100695953897409184150610865085036723487885382687931935695581925289406906310658,0xa7f077ae3ae84d365b0872fd3a8602f7b6a08fc282f5e09e06fb20ce259ce388,Down,xrp-15min-up-or-down-2026-02-27-16:30,0x099fefcb79a94c02d63d90ef5eef434c5aad83e802f6ed7855bf5c7363f77546,
,1772228629,2026-02-27 21:43:49,2026-02-27 16:43:49,0xd015de9ba4b79a2e439d59f90c8236dbee940649,BUY,0.999,0.76,0.75924,100695953897409184150610865085036723487885382687931935695581925289406906310658,0xa7f077ae3ae84d365b0872fd3a8602f7b6a08fc282f5e09e06fb20ce259ce388,Down,xrp-15min-up-or-down-2026-02-27-16:30,0x099fefcb79a94c02d63d90ef5eef434c5aad83e802f6ed7855bf5c7363f77546,
,1772228619,2026-02-27 21:43:39,2026-02-27 16:43:39,0xd015de9ba4b79a2e439d59f90c8236dbee940649,BUY,0.999,5.0,4.995,58624436059821968225647448280838580342058708177877434761311289939320109474264,0xc3b8d7051c5009f345f21f76a02c696f35e8813879500704fd78ed8b325a130b,Down,btc-15min-up-or-down-2026-02-27-16:30,0xb0b6a0c27f6dbded973a080e6d4671cb54d2f2ed724334773c5f6bc30b3892dc,
,1772228619,2026-02-27 21:43:39,2026-02-27 16:43:39,0xd015de9ba4b79a2e439d59f90c8236dbee940649,BUY,0.999,5.0,4.995,58624436059821968225647448280838580342058708177877434761311289939320109474264,0xc3b8d7051c5009f345f21f76a02c696f35e8813879500704fd78ed8b325a130b,Down,btc-15min-up-or-down-2026-02-27-16:30,0xb0b6a0c27f6dbded973a080e6d4671cb54d2f2ed724334773c5f6bc30b3892dc,
,1772228619,2026-02-27 21:43:39,2026-02-27 16:43:39,0xd015de9ba4b79a2e439d59f90c8236dbee940649,BUY,0.999,5.0,4.995,58624436059821968225647448280838580342058708177877434761311289939320109474264,0xc3b8d7051c5009f345f21f76a02c696f35e8813879500704fd78ed8b325a130b,Down,btc-15min-up-or-down-2026-02-27-16:30,0xb0b6a0c27f6dbded973a080e6d4671cb54d2f2ed724334773c5f6bc30b3892dc,
,1772228619,2026-02-27 21:43:39,2026-02-27 16:43:39,0xd015de9ba4b79a2e439d59f90c8236dbee940649,BUY,0.999,5.0,4.995,58624436059821968225647448280838580342058708177877434761311289939320109474264,0xc3b8d7051c5009f345f21f76a02c696f35e8813879500704fd78ed8b325a130b,Down,btc-15min-up-or-down-2026-02-27-16:30,0xb0b6a0c27f6dbded973a080e6d4671cb54d2f2ed724334773c5f6bc30b3892dc,
,1772227801,2026-02-27 21:30:01,2026-02-27 16:30:01,0xd015de9ba4b79a2e439d59f90c8236dbee940649,BUY,0.999,1.59,1.58841,37768673158468431563193406236291147886396024309455758524110484682287725191750,0x17b7fe18f830e8c043bf25d708dab7fad3c9c06444c157b1187de2e4af94aad4,Up,eth-15min-up-or-down-2026-02-27-16:15,0xcc203784dc82bc5e0ce1ee8f7d831e3203737c5a2c5d427c2f72b6c7586c9005,
,1772227801,2026-02-27 21:30:01,2026-02-27 16:30:01,0xd015de9ba4b79a2e439d59f90c8236dbee940649,BUY,0.999,5.0,4.995,37768673158468431563193406236291147886396024309455758524110484682287725191750,0x17b7fe18f830e8c043bf25d708dab7fad3c9c06444c157b1187de2e4af94aad4,Up,eth-15min-up-or-down-2026-02-27-16:15,0xcc203784dc82bc5e0ce1ee8f7d831e3203737c5a2c5d427c2f72b6c7586c9005,
,1772227801,2026-02-27 21:30:01,2026-02-27 16:30:01,0xd015de9ba4b79a2e439d59f90c8236dbee940649,BUY,0.999,5.0,4.995,37768673158468431563193406236291147886396024309455758524110484682287725191750,0x17b7fe18f830e8c043bf25d708dab7fad3c9c06444c157b1187de2e4af94aad4,Up,eth-15min-up-or-down-2026-02-27-16:15,0xcc203784dc82bc5e0ce1ee8f7d831e3203737c5a2c5d427c2f72b6c7586c9005,
,1772227799,2026-02-27 21:29:59,2026-02-27 16:29:59,0xd015de9ba4b79a2e439d59f90c8236dbee940649,BUY,0.999,0.75,0.74925,37768673158468431563193406236291147886396024309455758524110484682287725191750,0x17b7fe18f830e8c043bf25d708dab7fad3c9c06444c157b1187de2e4af94aad4,Up,eth-15min-up-or-down-2026-02-27-16:15,0x66acfb60ea5b576c9beb378504d9fab05625e2cd174f2e31c82b5b4aa70a84a2,
,1772227799,2026-02-27 21:29:59,2026-02-27 16:29:59,0xd015de9ba4b79a2e439d59f90c8236dbee940649,BUY,0.999,0.29,0.28971,37768673158468431563193406236291147886396024309455758524110484682287725191750,0x17b7fe18f830e8c043bf25d708dab7fad3c9c06444c157b1187de2e4af94aad4,Up,eth-15min-up-or-down-2026-02-27-16:15,0x66acfb60ea5b576c9beb378504d9fab05625e2cd174f2e31c82b5b4aa70a84a2,
,1772227799,2026-02-27 21:29:59,2026-02-27 16:29:59,0xd015de9ba4b79a2e439d59f90c8236dbee940649,BUY,0.999,1.04,1.03896,37768673158468431563193406236291147886396024309455758524110484682287725191750,0x17b7fe18f830e8c043bf25d708dab7fad3c9c06444c157b1187de2e4af94aad4,Up,eth-15min-up-or-down-2026-02-27-16:15,0xfb393f281184d1a2c4a3a8676d656a05f02e4b8e7dfb3e1f83f955b5b119ac2e,
,1772227799,2026-02-27 21:29:59,2026-02-27 16:29:59,0xd015de9ba4b79a2e439d59f90c8236dbee940649,BUY,0.999,1.04,1.03896,37768673158468431563193406236291147886396024309455758524110484682287725191750,0x17b7fe18f830e8c043bf25d708dab7fad3c9c06444c157b1187de2e4af94aad4,Up,eth-15min-up-or-down-2026-02-27-16:15,0xa00cf46b6f3d76361990ea2fa331a52763f68a043db9303353afe986632c4eea,
,1772227799,2026-02-27 21:29:59,2026-02-27 16:29:59,0xd015de9ba4b79a2e439d59f90c8236dbee940649,BUY,0.999,1.04,1.03896,37768673158468431563193406236291147886396024309455758524110484682287725191750,0x17b7fe18f830e8c043bf25d708dab7fad3c9c06444c157b1187de2e4af94aad4,Up,eth-15min-up-or-down-2026-02-27-16:15,0xfe2e89c752adaf6ff9930df27e00c64be1bf582d8e3a6df1e9a794f1bfdc5a53,
,1772227799,2026-02-27 21:29:59,2026-02-27 16:29:59,0xd015de9ba4b79a2e439d59f90c8236dbee940649,BUY,0.999,1.04,1.03896,37768673158468431563193406236291147886396024309455758524110484682287725191750,0x17b7fe18f830e8c043bf25d708dab7fad3c9c06444c157b1187de2e4af94aad4,Up,eth-15min-up-or-down-2026-02-27-16:15,0x397e7346f0105e6d0bfc65dcb8aa1676af50c1b93b6e4170cfe56a89082aa70d,
,1772227793,2026-02-27 21:29:53,2026-02-27 16:29:53,0xd015de9ba4b79a2e439d59f90c8236dbee940649,BUY,0.999,3.21,3.20679,37768673158468431563193406236291147886396024309455758524110484682287725191750,0x17b7fe18f830e8c043bf25d708dab7fad3c9c06444c157b1187de2e4af94aad4,Up,eth-15min-up-or-down-2026-02-27-16:15,0xc6ba83618c0cc7e3d1fe91c68f860946c89c3d33668ab029f080cea7d333d522,
,1772223217,2026-02-27 20:13:37,2026-02-27 15:13:37,0xd015de9ba4b79a2e439d59f90c8236dbee940649,BUY,0.999,5.0,4.995,91470620620497030694492995462646567782294443693474248964978608096133079884313,0xbf9aa97aac4f930c3ca89f8ff5b82c5fa498aca01410f56bd65405da07dcabaa,Up,btc-15min-up-or-down-2026-02-27-15:00,0xa455ea5940b3a760c069e5e4ee01489314b5a7c85c748a94f20e37e17a25b46f,
,1772223217,2026-02-27 20:13:37,2026-02-27 15:13:37,0xd015de9ba4b79a2e439d59f90c8236dbee940649,BUY,0.999,5.0,4.995,91470620620497030694492995462646567782294443693474248964978608096133079884313,0xbf9aa97aac4f930c3ca89f8ff5b82c5fa498aca01410f56bd65405da07dcabaa,Up,btc-15min-up-or-down-2026-02-27-15:00,0xa455ea5940b3a760c069e5e4ee01489314b5a7c85c748a94f20e37e17a25b46f,
,1772223217,2026-02-27 20:13:37,2026-02-27 15:13:37,0xd015de9ba4b79a2e439d59f90c8236dbee940649,BUY,0.999,5.0,4.995,91470620620497030694492995462646567782294443693474248964978608096133079884313,0xbf9aa97aac4f930c3ca89f8ff5b82c5fa498aca01410f56bd65405da07dcabaa,Up,btc-15min-up-or-down-2026-02-27-15:00,0xa455ea5940b3a760c069e5e4ee01489314b5a7c85c748a94f20e37e17a25b46f,
,1772223217,2026-02-27 20:13:37,2026-02-27 15:13:37,0xd015de9ba4b79a2e439d59f90c8236dbee940649,BUY,0.999,5.0,4.995,91470620620497030694492995462646567782294443693474248964978608096133079884313,0xbf9aa97aac4f930c3ca89f8ff5b82c5fa498aca01410f56bd65405da07dcabaa,Up,btc-15min-up-or-down-2026-02-27-15:00,0xa455ea5940b3a760c069e5e4ee01489314b5a7c85c748a94f20e37e17a25b46f,
,1772223217,2026-02-27 20:13:37,2026-02-27 15:13:37,0xd015de9ba4b79a2e439d59f90c8236dbee940649,BUY,0.999,5.0,4.995,113599104418257197814191195018972850032206436072462973038671117136595766427577,0xf15c7a5511cd98c2c1bb4607df308f72b8f1ed51a74ce053ee5cdfc46eb8f3e2,Up,xrp-15min-up-or-down-2026-02-27-15:00,0xe5e7f7c54a4734b41f90be224c7f45578926212acc4e04ba51282bdcd7314c17,
,1772223217,2026-02-27 20:13:37,2026-02-27 15:13:37,0xd015de9ba4b79a2e439d59f90c8236dbee940649,BUY,0.999,5.0,4.995,113599104418257197814191195018972850032206436072462973038671117136595766427577,0xf15c7a5511cd98c2c1bb4607df308f72b8f1ed51a74ce053ee5cdfc46eb8f3e2,Up,xrp-15min-up-or-down-2026-02-27-15:00,0xe5e7f7c54a4734b41f90be224c7f45578926212acc4e04ba51282bdcd7314c17,
,1772218603,2026-02-27 18:56:43,2026-02-27 13:56:43,0xd015de9ba4b79a2e439d59f90c8236dbee940649,BUY,0.999,5.0,4.995,7523822960016734809196421233920085415948147188583952859597339083928662948243,0xf43874b3084e7d3202d1ee34bf9f3c48386ca32aa688dcb7adb44c4fd2ef7d5c,Down,btc-15min-up-or-down-2026-02-27-13:45,0x4907f7227d941c8bb620ac06cefb48aede3c0b27ce0a0ab2dd39a6ac9f4bbd80,
,1772218603,2026-02-27 18:56:43,2026-02-27 13:56:43,0xd015de9ba4b79a2e439d59f90c8236dbee940649,BUY,0.999,5.0,4.995,7523822960016734809196421233920085415948147188583952859597339083928662948243,0xf43874b3084e7d3202d1ee34bf9f3c48386ca32aa688dcb7adb44c4fd2ef7d5c,Down,btc-15min-up-or-down-2026-02-27-13:45,0x4907f7227d941c8bb620ac06cefb48aede3c0b27ce0a0ab2dd39a6ac9f4bbd80,
,1772218603,2026-02-27 18:56:43,2026-02-27 13:56:43,0xd015de9ba4b79a2e439d59f90c8236dbee940649,BUY,0.999,5.0,4.995,7523822960016734809196421233920085415948147188583952859597339083928662948243,0xf43874b3084e7d3202d1ee34bf9f3c48386ca32aa688dcb7adb44c4fd2ef7d5c,Down,btc-15min-up-or-down-2026-02-27-13:45,0x4907f7227d941c8bb620ac06cefb48aede3c0b27ce0a0ab2dd39a6ac9f4bbd80,
,1772218599,2026-02-27 18:56:39,2026-02-27 13:56:39,0xd015de9ba4b79a2e439d59f90c8236dbee940649,BUY,0.999,5.0,4.995,30326751216293122275704332813578446772037558248905486529025004080534024152562,0xe8bb78f083aa4ccdd5573150e134cc55ba658067510ec3395a907aab36d1277d,Down,sol-15min-up-or-down-2026-02-27-13:45,0x8f8035e7a240954145ba6b010ea17e944c95d5f614d368786da57ee0a755d97e,
,1772218599,2026-02-27 18:56:39,2026-02-27 13:56:39,0xd015de9ba4b79a2e439d59f90c8236dbee940649,BUY,0.999,5.0,4.995,30326751216293122275704332813578446772037558248905486529025004080534024152562,0xe8bb78f083aa4ccdd5573150e134cc55ba658067510ec3395a907aab36d1277d,Down,sol-15min-up-or-down-2026-02-27-13:45,0x8f8035e7a240954145ba6b010ea17e944c95d5f614d368786da57ee0a755d97e,
,1772218599,2026-02-27 18:56:39,2026-02-27 13:56:39,0xd015de9ba4b79a2e439d59f90c8236dbee940649,BUY,0.999,5.0,4.995,30326751216293122275704332813578446772037558248905486529025004080534024152562,0xe8bb78f083aa4ccdd5573150e134cc55ba658067510ec3395a907aab36d1277d,Down,sol-15min-up-or-down-2026-02-27-13:45,0x8f8035e7a240954145ba6b010ea17e944c95d5f614d368786da57ee0a755d97e,
,1772216981,2026-02-27 18:29:41,2026-02-27 13:29:41,0xd015de9ba4b79a2e439d59f90c8236dbee940649,BUY,0.999,5.0,4.995,78687855217828400437631031171022086628721593941772110093754475950926090423032,0x3501d9bf01010b6e60e2b3f66cd3a0ee1cf651392df7157c2ddd8a8be7ce79f9,Up,xrp-15min-up-or-down-2026-02-27-13:15,0x4ca64a2cf4f70a7472ce54c4f7935eefe357daacebc45fe50ea4b4fa55c9ea16,
,1772216981,2026-02-27 18:29:41,2026-02-27 13:29:41,0xd015de9ba4b79a2e439d59f90c8236dbee940649,BUY,0.999,5.0,4.995,78687855217828400437631031171022086628721593941772110093754475950926090423032,0x3501d9bf01010b6e60e2b3f66cd3a0ee1cf651392df7157c2ddd8a8be7ce79f9,Up,xrp-15min-up-or-down-2026-02-27-13:15,0x4ca64a2cf4f70a7472ce54c4f7935eefe357daacebc45fe50ea4b4fa55c9ea16,
,1772216981,2026-02-27 18:29:41,2026-02-27 13:29:41,0xd015de9ba4b79a2e439d59f90c8236dbee940649,BUY,0.999,5.0,4.995,78687855217828400437631031171022086628721593941772110093754475950926090423032,0x3501d9bf01010b6e60e2b3f66cd3a0ee1cf651392df7157c2ddd8a8be7ce79f9,Up,xrp-15min-up-or-down-2026-02-27-13:15,0x4ca64a2cf4f70a7472ce54c4f7935eefe357daacebc45fe50ea4b4fa55c9ea16,
,1772216981,2026-02-27 18:29:41,2026-02-27 13:29:41,0xd015de9ba4b79a2e439d59f90c8236dbee940649,BUY,0.999,5.0,4.995,78687855217828400437631031171022086628721593941772110093754475950926090423032,0x3501d9bf01010b6e60e2b3f66cd3a0ee1cf651392df7157c2ddd8a8be7ce79f9,Up,xrp-15min-up-or-down-2026-02-27-13:15,0x4ca64a2cf4f70a7472ce54c4f7935eefe357daacebc45fe50ea4b4fa55c9ea16,
,1772216029,2026-02-27 18:13:49,2026-02-27 13:13:49,0xd015de9ba4b79a2e439d59f90c8236dbee940649,BUY,0.999,5.0,4.995,797696508274588545610948607263183397458100216709303857843283271766216911833,0x14c2e776091ab5cf36f4fb6b6687e1a2dd1c9dc73ddce070ce70048a6e027bd4,Down,eth-15min-up-or-down-2026-02-27-13:00,0x50e45197addc4ae22282c7522d0b8a0252800118416f0e0e2e2e2c1514b9bf05,
,1772216029,2026-02-27 18:13:49,2026-02-27 13:13:49,0xd015de9ba4b79a2e439d59f90c8236dbee940649,BUY,0.999,5.0,4.995,70250757986403067746398058371509829616692663845304840029963368987711343260386,0x3f0f476ab661776fdda116b765e84d65434dddc7fa45f08efd42f103660e87c4,Down,sol-15min-up-or-down-2026-02-27-13:00,0x297efd90f9dd89fce67925d43a4593dc92e57c1f8e930f8e104adaddd97ab74b,
,1772216029,2026-02-27 18:13:49,2026-02-27 13:13:49,0xd015de9ba4b79a2e439d59f90c8236dbee940649,BUY,0.999,5.0,4.995,797696508274588545610948607263183397458100216709303857843283271766216911833,0x14c2e776091ab5cf36f4fb6b6687e1a2dd1c9dc73ddce070ce70048a6e027bd4,Down,eth-15min-up-or-down-2026-02-27-13:00,0xd3c467fdbac41781c62e3402fec574f550741f37d75e53ee3cc99d908b60bc3a,
,1772216027,2026-02-27 18:13:47,2026-02-27 13:13:47,0xd015de9ba4b79a2e439d59f90c8236dbee940649,BUY,0.999,5.0,4.995,70250757986403067746398058371509829616692663845304840029963368987711343260386,0x3f0f476ab661776fdda116b765e84d65434dddc7fa45f08efd42f103660e87c4,Down,sol-15min-up-or-down-2026-02-27-13:00,0x6c26c193d3efd3b005c50d060f030c07e676b01b4227417ce269bc940c734a31,
,1772216027,2026-02-27 18:13:47,2026-02-27 13:13:47,0xd015de9ba4b79a2e439d59f90c8236dbee940649,BUY,0.999,5.0,4.995,70250757986403067746398058371509829616692663845304840029963368987711343260386,0x3f0f476ab661776fdda116b765e84d65434dddc7fa45f08efd42f103660e87c4,Down,sol-15min-up-or-down-2026-02-27-13:00,0xb506ef5da8c3dc00faa9b00ca5449b61bee872476df942776fee8c45bab9a5a4,
,1772216027,2026-02-27 18:13:47,2026-02-27 13:13:47,0xd015de9ba4b79a2e439d59f90c8236dbee940649,BUY,0.999,5.0,4.995,70250757986403067746398058371509829616692663845304840029963368987711343260386,0x3f0f476ab661776fdda116b765e84d65434dddc7fa45f08efd42f103660e87c4,Down,sol-15min-up-or-down-2026-02-27-13:00,0x7fc9062d9d81077740165d4f620dc638c0b7ac08223fc9edaea9fca4e0b82a44,
,1772215165,2026-02-27 17:59:25,2026-02-27 12:59:25,0xd015de9ba4b79a2e439d59f90c8236dbee940649,BUY,0.999,5.0,4.995,76718094783292386874006484899134457831297817742718597665914124804131509468568,0xb36a451bd89799c2482a7abd447ad919268b97cb45594c8263f83c4eba7639b4,Up,btc-15min-up-or-down-2026-02-27-12:45,0xd9dc398aad69e8ea1c6dbd8d3108a1b29266996c776db084d18bc2f01dee454a,
,1772215165,2026-02-27 17:59:25,2026-02-27 12:59:25,0xd015de9ba4b79a2e439d59f90c8236dbee940649,BUY,0.999,5.0,4.995,76718094783292386874006484899134457831297817742718597665914124804131509468568,0xb36a451bd89799c2482a7abd447ad919268b97cb45594c8263f83c4eba7639b4,Up,btc-15min-up-or-down-2026-02-27-12:45,0xd9dc398aad69e8ea1c6dbd8d3108a1b29266996c776db084d18bc2f01dee454a,
,1772215165,2026-02-27 17:59:25,2026-02-27 12:59:25,0xd015de9ba4b79a2e439d59f90c8236dbee940649,BUY,0.999,5.0,4.995,76718094783292386874006484899134457831297817742718597665914124804131509468568,0xb36a451bd89799c2482a7abd447ad919268b97cb45594c8263f83c4eba7639b4,Up,btc-15min-up-or-down-2026-02-27-12:45,0xd9dc398aad69e8ea1c6dbd8d3108a1b29266996c776db084d18bc2f01dee454a,
,1772215165,2026-02-27 17:59:25,2026-02-27 12:59:25,0xd015de9ba4b79a2e439d59f90c8236dbee940649,BUY,0.999,5.0,4.995,76718094783292386874006484899134457831297817742718597665914124804131509468568,0xb36a451bd89799c2482a7abd447ad919268b97cb45594c8263f83c4eba7639b4,Up,btc-15min-up-or-down-2026-02-27-12:45,0xd9dc398aad69e8ea1c6dbd8d3108a1b29266996c776db084d18bc2f01dee454a,
,1772213367,2026-02-27 17:29:27,2026-02-27 12:29:27,0xd015de9ba4b79a2e439d59f90c8236dbee940649,BUY,0.999,5.0,4.995,3778140480079015069448669905481800451434218023497881814073974559783325473744,0xf940a42a1b2a98998afa70ca124c0a3942b910cfa8d17e691d003be530201780,Down,sol-15min-up-or-down-2026-02-27-12:15,0x752b1859fd0ac2e7c27dc0e1ebe9cd549d832f3a436a0c7902b36eb48372f157,
,1772213367,2026-02-27 17:29:27,2026-02-27 12:29:27,0xd015de9ba4b79a2e439d59f90c8236dbee940649,BUY,0.999,5.0,4.995,3778140480079015069448669905481800451434218023497881814073974559783325473744,0xf940a42a1b2a98998afa70ca124c0a3942b910cfa8d17e691d003be530201780,Down,sol-15min-up-or-down-2026-02-27-12:15,0x752b1859fd0ac2e7c27dc0e1ebe9cd549d832f3a436a0c7902b36eb48372f157,
,1772213367,2026-02-27 17:29:27,2026-02-27 12:29:27,0xd015de9ba4b79a2e439d59f90c8236dbee940649,BUY,0.999,5.0,4.995,3778140480079015069448669905481800451434218023497881814073974559783325473744,0xf940a42a1b2a98998afa70ca124c0a3942b910cfa8d17e691d003be530201780,Down,sol-15min-up-or-down-2026-02-27-12:15,0x752b1859fd0ac2e7c27dc0e1ebe9cd549d832f3a436a0c7902b36eb48372f157,
,1772213367,2026-02-27 17:29:27,2026-02-27 12:29:27,0xd015de9ba4b79a2e439d59f90c8236dbee940649,BUY,0.999,5.0,4.995,3778140480079015069448669905481800451434218023497881814073974559783325473744,0xf940a42a1b2a98998afa70ca124c0a3942b910cfa8d17e691d003be530201780,Down,sol-15min-up-or-down-2026-02-27-12:15,0x752b1859fd0ac2e7c27dc0e1ebe9cd549d832f3a436a0c7902b36eb48372f157,
,1772213367,2026-02-27 17:29:27,2026-02-27 12:29:27,0xd015de9ba4b79a2e439d59f90c8236dbee940649,BUY,0.999,5.0,4.995,27067513971409849394684886855313832837260290605325647521232963014861225882099,0xbbd243d665d459f065e96be6434c72b97a2ebf9ead0a5712c9f307aac7eaa6bd,Down,eth-15min-up-or-down-2026-02-27-12:15,0x4b3811039508d60db713374e6ef1d8ddffe1182397825535abb814c8d8a1e17c,
,1772213367,2026-02-27 17:29:27,2026-02-27 12:29:27,0xd015de9ba4b79a2e439d59f90c8236dbee940649,BUY,0.999,5.0,4.995,27067513971409849394684886855313832837260290605325647521232963014861225882099,0xbbd243d665d459f065e96be6434c72b97a2ebf9ead0a5712c9f307aac7eaa6bd,Down,eth-15min-up-or-down-2026-02-27-12:15,0x4b3811039508d60db713374e6ef1d8ddffe1182397825535abb814c8d8a1e17c,
,1772212503,2026-02-27 17:15:03,2026-02-27 12:15:03,0xd015de9ba4b79a2e439d59f90c8236dbee940649,BUY,0.999,5.0,4.995,8389373718472180295641531349320946824855500945537738598983602896859303016931,0x9984744fe17befbc654af7623b64c2f427fee56c3cb037ef9a5fdcf40dccb7f6,Down,btc-5min-up-or-down-2026-02-27-12:10,0x22df835d7fd9e8d5a818164afa58469dbdb6ac82c0793f5d8f278f8e2d7da1d5,
,1772212503,2026-02-27 17:15:03,2026-02-27 12:15:03,0xd015de9ba4b79a2e439d59f90c8236dbee940649,BUY,0.999,5.0,4.995,8389373718472180295641531349320946824855500945537738598983602896859303016931,0x9984744fe17befbc654af7623b64c2f427fee56c3cb037ef9a5fdcf40dccb7f6,Down,btc-5min-up-or-down-2026-02-27-12:10,0x22df835d7fd9e8d5a818164afa58469dbdb6ac82c0793f5d8f278f8e2d7da1d5,
,1772212503,2026-02-27 17:15:03,2026-02-27 12:15:03,0xd015de9ba4b79a2e439d59f90c8236dbee940649,BUY,0.999,5.0,4.995,8389373718472180295641531349320946824855500945537738598983602896859303016931,0x9984744fe17befbc654af7623b64c2f427fee56c3cb037ef9a5fdcf40dccb7f6,Down,btc-5min-up-or-down-2026-02-27-12:10,0x22df835d7fd9e8d5a818164afa58469dbdb6ac82c0793f5d8f278f8e2d7da1d5,
,1772212503,2026-02-27 17:15:03,2026-02-27 12:15:03,0xd015de9ba4b79a2e439d59f90c8236dbee940649,BUY,0.999,5.0,4.995,8389373718472180295641531349320946824855500945537738598983602896859303016931,0x9984744fe17befbc654af7623b64c2f427fee56c3cb037ef9a5fdcf40dccb7f6,Down,btc-5min-up-or-down-2026-02-27-12:10,0x22df835d7fd9e8d5a818164afa58469dbdb6ac82c0793f5d8f278f8e2d7da1d5,
,1772210529,2026-02-27 16:42:09,2026-02-27 11:42:09,0xd015de9ba4b79a2e439d59f90c8236dbee940649,BUY,0.999,5.0,4.995,101449335944679407549866655652799868134067722009683223022868583860222524361471,0x8617fc244e4dc41664ac4ac2799d3b5b98b3bb884ee68e3503aafdf95c24c729,Down,sol-15min-up-or-down-2026-02-27-11:30,0x78c0f60b065ee48242419ec0d1a3791439bc03f35068f53fd9fb498e251974a4,
,1772210521,2026-02-27 16:42:01,2026-02-27 11:42:01,0xd015de9ba4b79a2e439d59f90c8236dbee940649,BUY,0.999,5.0,4.995,18074360262312728294011484650235994608648356559615690893773007664596920350726,0xff9d875101c83beb1b35ae8f70b48219443355fe204f48723d907a3e75069be7,Down,eth-15min-up-or-down-2026-02-27-11:30,0xa09949758f9a1c383e529da52df5076278128de3d44ed532163dc36c542750c4,
,1772210521,2026-02-27 16:42:01,2026-02-27 11:42:01,0xd015de9ba4b79a2e439d59f90c8236dbee940649,BUY,0.999,5.0,4.995,18074360262312728294011484650235994608648356559615690893773007664596920350726,0xff9d875101c83beb1b35ae8f70b48219443355fe204f48723d907a3e75069be7,Down,eth-15min-up-or-down-2026-02-27-11:30,0xa3eaeac4c99d450602d306f4e0a505bc3f89eea5702252a3173410932bf961b0,
,1772210521,2026-02-27 16:42:01,2026-02-27 11:42:01,0xd015de9ba4b79a2e439d59f90c8236dbee940649,BUY,0.999,5.0,4.995,18074360262312728294011484650235994608648356559615690893773007664596920350726,0xff9d875101c83beb1b35ae8f70b48219443355fe204f48723d907a3e75069be7,Down,eth-15min-up-or-down-2026-02-27-11:30,0xacc0645c59ac30a03bc6a138568b5105403c703a53b81e1c7c73c981a28647ca,
,1772210521,2026-02-27 16:42:01,2026-02-27 11:42:01,0xd015de9ba4b79a2e439d59f90c8236dbee940649,BUY,0.999,5.0,4.995,18074360262312728294011484650235994608648356559615690893773007664596920350726,0xff9d875101c83beb1b35ae8f70b48219443355fe204f48723d907a3e75069be7,Down,eth-15min-up-or-down-2026-02-27-11:30,0xad481ad7248126a598241dcb3b7abc8fa0d86766ed7b8a5ac0b24d65a145be95,
,1772210359,2026-02-27 16:39:19,2026-02-27 11:39:19,0xd015de9ba4b79a2e439d59f90c8236dbee940649,BUY,0.999,5.0,4.995,10102837654484551685839148945236568976702887382313686264223816035826301337166,0xf2d20d99cf61ef059e80fa136b6fc02cca076735a8f3a18e095ca06a04a1e464,Down,sol-5min-up-or-down-2026-02-27-11:35,0x952a9f682a3fb160c22c6e41fed5e11159a6e8c2bd67e5d76d24e0cbe75869d8,
,1772210359,2026-02-27 16:39:19,2026-02-27 11:39:19,0xd015de9ba4b79a2e439d59f90c8236dbee940649,BUY,0.999,0.05,0.04995,10102837654484551685839148945236568976702887382313686264223816035826301337166,0xf2d20d99cf61ef059e80fa136b6fc02cca076735a8f3a18e095ca06a04a1e464,Down,sol-5min-up-or-down-2026-02-27-11:35,0x952a9f682a3fb160c22c6e41fed5e11159a6e8c2bd67e5d76d24e0cbe75869d8,
,1772209771,2026-02-27 16:29:31,2026-02-27 11:29:31,0xd015de9ba4b79a2e439d59f90c8236dbee940649,BUY,0.999,5.0,4.995,89953530122684903070187300258093367297986598559720894707077231975687430086509,0x9df72c90fa96a49152c76942b7a27a26617ad5e6250816f30e68460b6b63fd14,Up,xrp-15min-up-or-down-2026-02-27-11:15,0xe8a0f48e6d5abe8b6cb1b7ba0fbd010948063e0339b9174b1fe54e7ec4a2e9a0,
,1772209771,2026-02-27 16:29:31,2026-02-27 11:29:31,0xd015de9ba4b79a2e439d59f90c8236dbee940649,BUY,0.999,1.91,1.90809,2113949726273654986709095395768115387267787619342890821771471956257327178205,0x114e3e1482b26dac457929dc5648bfd8b082ffedcd1c9cd04572ff9f6f06d317,Up,eth-15min-up-or-down-2026-02-27-11:15,0x4b63b23fa4cde296f53f4bd475518a16baf36af6dc73be9f303117f0bf39abbf,
,1772209771,2026-02-27 16:29:31,2026-02-27 11:29:31,0xd015de9ba4b79a2e439d59f90c8236dbee940649,BUY,0.999,5.0,4.995,2113949726273654986709095395768115387267787619342890821771471956257327178205,0x114e3e1482b26dac457929dc5648bfd8b082ffedcd1c9cd04572ff9f6f06d317,Up,eth-15min-up-or-down-2026-02-27-11:15,0x4b63b23fa4cde296f53f4bd475518a16baf36af6dc73be9f303117f0bf39abbf,
,1772209771,2026-02-27 16:29:31,2026-02-27 11:29:31,0xd015de9ba4b79a2e439d59f90c8236dbee940649,BUY,0.999,3.08,3.07692,2113949726273654986709095395768115387267787619342890821771471956257327178205,0x114e3e1482b26dac457929dc5648bfd8b082ffedcd1c9cd04572ff9f6f06d317,Up,eth-15min-up-or-down-2026-02-27-11:15,0x4b63b23fa4cde296f53f4bd475518a16baf36af6dc73be9f303117f0bf39abbf,
,1772209771,2026-02-27 16:29:31,2026-02-27 11:29:31,0xd015de9ba4b79a2e439d59f90c8236dbee940649,BUY,0.999,5.0,4.995,89953530122684903070187300258093367297986598559720894707077231975687430086509,0x9df72c90fa96a49152c76942b7a27a26617ad5e6250816f30e68460b6b63fd14,Up,xrp-15min-up-or-down-2026-02-27-11:15,0xb0940d9fb86d739c0567b24fa65f6d3ce2b54f76c0a4b7d0883dadb33bc72c60,
,1772209771,2026-02-27 16:29:31,2026-02-27 11:29:31,0xd015de9ba4b79a2e439d59f90c8236dbee940649,BUY,0.999,5.0,4.995,89953530122684903070187300258093367297986598559720894707077231975687430086509,0x9df72c90fa96a49152c76942b7a27a26617ad5e6250816f30e68460b6b63fd14,Up,xrp-15min-up-or-down-2026-02-27-11:15,0x668c8124bcbcea5aa796d458c818f8da2bcada8f7d0e58a5fb2dfb44c24d02e1,
,1772209769,2026-02-27 16:29:29,2026-02-27 11:29:29,0xd015de9ba4b79a2e439d59f90c8236dbee940649,BUY,0.999,3.09,3.08691,2113949726273654986709095395768115387267787619342890821771471956257327178205,0x114e3e1482b26dac457929dc5648bfd8b082ffedcd1c9cd04572ff9f6f06d317,Up,eth-15min-up-or-down-2026-02-27-11:15,0x1073fc099b83a4938458e81a3d1b9acae4086eb3970df4e5c7773a065465c1df,
,1772208631,2026-02-27 16:10:31,2026-02-27 11:10:31,0xd015de9ba4b79a2e439d59f90c8236dbee940649,BUY,0.999,0.02,0.01998,107854353243834542355267408080975157013708129760129109150934443093975256956894,0xd865f10db7f303f81c056d8900f879ba0961fb63163be32bb164cd4f1925ffa5,Down,eth-5min-up-or-down-2026-02-27-11:05,0x96e0f15a4994b720d288096ac9e59dc0571040670b5ee6ea158a73277dc9f045,
,1772208595,2026-02-27 16:09:55,2026-02-27 11:09:55,0xd015de9ba4b79a2e439d59f90c8236dbee940649,BUY,0.999,5.0,4.995,38599875471690205706442679206919315686626881393065407209029701008908963879444,0xbac46fc57fd9d0745eebeb2bd129f05f59d9b372e5af3e1305720810cc9ee466,Down,sol-5min-up-or-down-2026-02-27-11:05,0xdb15eb3ffa7fc9d635bdd0d51fffcef6425a7546ca42d4ef6854a59e81848725,
,1772208595,2026-02-27 16:09:55,2026-02-27 11:09:55,0xd015de9ba4b79a2e439d59f90c8236dbee940649,BUY,0.999,5.0,4.995,38599875471690205706442679206919315686626881393065407209029701008908963879444,0xbac46fc57fd9d0745eebeb2bd129f05f59d9b372e5af3e1305720810cc9ee466,Down,sol-5min-up-or-down-2026-02-27-11:05,0xdb15eb3ffa7fc9d635bdd0d51fffcef6425a7546ca42d4ef6854a59e81848725,
,1772208595,2026-02-27 16:09:55,2026-02-27 11:09:55,0xd015de9ba4b79a2e439d59f90c8236dbee940649,BUY,0.999,5.0,4.995,38599875471690205706442679206919315686626881393065407209029701008908963879444,0xbac46fc57fd9d0745eebeb2bd129f05f59d9b372e5af3e1305720810cc9ee466,Down,sol-5min-up-or-down-2026-02-27-11:05,0xdb15eb3ffa7fc9d635bdd0d51fffcef6425a7546ca42d4ef6854a59e81848725,
,1772208595,2026-02-27 16:09:55,2026-02-27 11:09:55,0xd015de9ba4b79a2e439d59f90c8236dbee940649,BUY,0.999,5.0,4.995,38599875471690205706442679206919315686626881393065407209029701008908963879444,0xbac46fc57fd9d0745eebeb2bd129f05f59d9b372e5af3e1305720810cc9ee466,Down,sol-5min-up-or-down-2026-02-27-11:05,0xdb15eb3ffa7fc9d635bdd0d51fffcef6425a7546ca42d4ef6854a59e81848725,
,1772208581,2026-02-27 16:09:41,2026-02-27 11:09:41,0xd015de9ba4b79a2e439d59f90c8236dbee940649,BUY,0.999,5.0,4.995,107854353243834542355267408080975157013708129760129109150934443093975256956894,0xd865f10db7f303f81c056d8900f879ba0961fb63163be32bb164cd4f1925ffa5,Down,eth-5min-up-or-down-2026-02-27-11:05,0x58cc16cbe49c535c28545796bdc4d5b1a6912a73beb3835069421001af00b399,
,1772208581,2026-02-27 16:09:41,2026-02-27 11:09:41,0xd015de9ba4b79a2e439d59f90c8236dbee940649,BUY,0.999,4.98,4.97502,107854353243834542355267408080975157013708129760129109150934443093975256956894,0xd865f10db7f303f81c056d8900f879ba0961fb63163be32bb164cd4f1925ffa5,Down,eth-5min-up-or-down-2026-02-27-11:05,0x58cc16cbe49c535c28545796bdc4d5b1a6912a73beb3835069421001af00b399,
,1772203427,2026-02-27 14:43:47,2026-02-27 09:43:47,0xd015de9ba4b79a2e439d59f90c8236dbee940649,BUY,0.999,0.02,0.01998,25359070727329512285563660843264027093449389830110127712289629761320848221130,0x744dbb25e3cda474702967c0df5412a493a76118467561ec712e90078acc68de,Down,btc-5min-up-or-down-2026-02-27-09:40,0xbef7fc0bbdb134ce9ed45ee83539c1a736719f7a528e78bbdb10127d60fadfc9,
,1772203427,2026-02-27 14:43:47,2026-02-27 09:43:47,0xd015de9ba4b79a2e439d59f90c8236dbee940649,BUY,0.999,5.0,4.995,25359070727329512285563660843264027093449389830110127712289629761320848221130,0x744dbb25e3cda474702967c0df5412a493a76118467561ec712e90078acc68de,Down,btc-5min-up-or-down-2026-02-27-09:40,0xbef7fc0bbdb134ce9ed45ee83539c1a736719f7a528e78bbdb10127d60fadfc9,
,1772203425,2026-02-27 14:43:45,2026-02-27 09:43:45,0xd015de9ba4b79a2e439d59f90c8236dbee940649,BUY,0.999,4.98,4.97502,25359070727329512285563660843264027093449389830110127712289629761320848221130,0x744dbb25e3cda474702967c0df5412a493a76118467561ec712e90078acc68de,Down,btc-5min-up-or-down-2026-02-27-09:40,0x10f7f2227f3cd384ae193ac351d275a9eb4cbfd7de102c7b2f6e292a566edf2d,
,1772203261,2026-02-27 14:41:01,2026-02-27 09:41:01,0xd015de9ba4b79a2e439d59f90c8236dbee940649,BUY,0.999,1.64,1.63836,22545338991753834538934890191575506219044487914521205902197555925500000648618,0xf49a0c503f06c486e7308cf6e77cd3514747660a723b873d998ee943bebfbc8e,Up,sol-5min-up-or-down-2026-02-27-09:35,0xa7b871a1d624c43031a2151563ae34b74d3a6505e1d3a513d1a9ac1df30a2d7a,
,1772203255,2026-02-27 14:40:55,2026-02-27 09:40:55,0xd015de9ba4b79a2e439d59f90c8236dbee940649,BUY,0.999,2.64,2.63736,22545338991753834538934890191575506219044487914521205902197555925500000648618,0xf49a0c503f06c486e7308cf6e77cd3514747660a723b873d998ee943bebfbc8e,Up,sol-5min-up-or-down-2026-02-27-09:35,0xaa4c097c0336092a4e595c07b0e8e961a99ce2fc4f40d03851b702ea1115a9c8,
,1772203255,2026-02-27 14:40:55,2026-02-27 09:40:55,0xd015de9ba4b79a2e439d59f90c8236dbee940649,BUY,0.999,3.36,3.35664,22545338991753834538934890191575506219044487914521205902197555925500000648618,0xf49a0c503f06c486e7308cf6e77cd3514747660a723b873d998ee943bebfbc8e,Up,sol-5min-up-or-down-2026-02-27-09:35,0xaa4c097c0336092a4e595c07b0e8e961a99ce2fc4f40d03851b702ea1115a9c8,
,1772203225,2026-02-27 14:40:25,2026-02-27 09:40:25,0xd015de9ba4b79a2e439d59f90c8236dbee940649,BUY,0.999,2.58,2.57742,22545338991753834538934890191575506219044487914521205902197555925500000648618,0xf49a0c503f06c486e7308cf6e77cd3514747660a723b873d998ee943bebfbc8e,Up,sol-5min-up-or-down-2026-02-27-09:35,0x1f145275366f56e057ea5b0e04318525b77fd5b77017475e85d6492db903bc67,
,1772203225,2026-02-27 14:40:25,2026-02-27 09:40:25,0xd015de9ba4b79a2e439d59f90c8236dbee940649,BUY,0.999,5.0,4.995,22545338991753834538934890191575506219044487914521205902197555925500000648618,0xf49a0c503f06c486e7308cf6e77cd3514747660a723b873d998ee943bebfbc8e,Up,sol-5min-up-or-down-2026-02-27-09:35,0x1f145275366f56e057ea5b0e04318525b77fd5b77017475e85d6492db903bc67,
,1772203225,2026-02-27 14:40:25,2026-02-27 09:40:25,0xd015de9ba4b79a2e439d59f90c8236dbee940649,BUY,0.999,2.36,2.35764,22545338991753834538934890191575506219044487914521205902197555925500000648618,0xf49a0c503f06c486e7308cf6e77cd3514747660a723b873d998ee943bebfbc8e,Up,sol-5min-up-or-down-2026-02-27-09:35,0x1f145275366f56e057ea5b0e04318525b77fd5b77017475e85d6492db903bc67,
,1772203207,2026-02-27 14:40:07,2026-02-27 09:40:07,0xd015de9ba4b79a2e439d59f90c8236dbee940649,BUY,0.999,2.42,2.41758,22545338991753834538934890191575506219044487914521205902197555925500000648618,0xf49a0c503f06c486e7308cf6e77cd3514747660a723b873d998ee943bebfbc8e,Up,sol-5min-up-or-down-2026-02-27-09:35,0x935273976d31d6b7c2d8ef3a01ba3e94888cdfc7d94d37438b4cbb0987a77549,
,1772202371,2026-02-27 14:26:11,2026-02-27 09:26:11,0xd015de9ba4b79a2e439d59f90c8236dbee940649,BUY,0.999,5.0,4.995,43730266396309145843318302506120486427940967234329315509858498807357710780508,0xc5489a617b66b784b98250fa1e0a20bdb9614f9e9a4cb0a4920684ba7ab75024,Down,sol-15min-up-or-down-2026-02-27-09:15,0x0975d5fc9304250486b688db2b4ee9ee81b437413368b51a34ea47e85649bde3,
,1772202371,2026-02-27 14:26:11,2026-02-27 09:26:11,0xd015de9ba4b79a2e439d59f90c8236dbee940649,BUY,0.999,5.0,4.995,43730266396309145843318302506120486427940967234329315509858498807357710780508,0xc5489a617b66b784b98250fa1e0a20bdb9614f9e9a4cb0a4920684ba7ab75024,Down,sol-15min-up-or-down-2026-02-27-09:15,0x0975d5fc9304250486b688db2b4ee9ee81b437413368b51a34ea47e85649bde3,
,1772202371,2026-02-27 14:26:11,2026-02-27 09:26:11,0xd015de9ba4b79a2e439d59f90c8236dbee940649,BUY,0.999,5.0,4.995,43730266396309145843318302506120486427940967234329315509858498807357710780508,0xc5489a617b66b784b98250fa1e0a20bdb9614f9e9a4cb0a4920684ba7ab75024,Down,sol-15min-up-or-down-2026-02-27-09:15,0x0975d5fc9304250486b688db2b4ee9ee81b437413368b51a34ea47e85649bde3,
,1772202371,2026-02-27 14:26:11,2026-02-27 09:26:11,0xd015de9ba4b79a2e439d59f90c8236dbee940649,BUY,0.999,5.0,4.995,43730266396309145843318302506120486427940967234329315509858498807357710780508,0xc5489a617b66b784b98250fa1e0a20bdb9614f9e9a4cb0a4920684ba7ab75024,Down,sol-15min-up-or-down-2026-02-27-09:15,0x0975d5fc9304250486b688db2b4ee9ee81b437413368b51a34ea47e85649bde3,
,1772202371,2026-02-27 14:26:11,2026-02-27 09:26:11,0xd015de9ba4b79a2e439d59f90c8236dbee940649,BUY,0.999,5.0,4.995,79780247105036605735761548890026598531808449935207464279113732025707368584318,0x3490e1ebdad847a1f9a7ae19b6844c64160f893c1c72870d9c6095c26281a534,Down,eth-15min-up-or-down-2026-02-27-09:15,0x5d6cb296295bfabc23ff8dc71ab330feeb93135cdc8ab9bdddeed6a26fe26a29,
,1772202371,2026-02-27 14:26:11,2026-02-27 09:26:11,0xd015de9ba4b79a2e439d59f90c8236dbee940649,BUY,0.999,5.0,4.995,79780247105036605735761548890026598531808449935207464279113732025707368584318,0x3490e1ebdad847a1f9a7ae19b6844c64160f893c1c72870d9c6095c26281a534,Down,eth-15min-up-or-down-2026-02-27-09:15,0x5d6cb296295bfabc23ff8dc71ab330feeb93135cdc8ab9bdddeed6a26fe26a29,
,1772200793,2026-02-27 13:59:53,2026-02-27 08:59:53,0xd015de9ba4b79a2e439d59f90c8236dbee940649,BUY,0.999,5.0,4.995,108091288705726947834777769244351891354517016021918056913577969134743614575304,0x462692f20d33a2abff1f2093ba21eb747077b7b2ee3546c928c58a73cc907425,Up,btc-15min-up-or-down-2026-02-27-08:45,0xee9b964d944a28751307b1b2f1a8e80323642e9321c56ba8fb55eb3357d3a6da,
,1772200793,2026-02-27 13:59:53,2026-02-27 08:59:53,0xd015de9ba4b79a2e439d59f90c8236dbee940649,BUY,0.999,5.0,4.995,108091288705726947834777769244351891354517016021918056913577969134743614575304,0x462692f20d33a2abff1f2093ba21eb747077b7b2ee3546c928c58a73cc907425,Up,btc-15min-up-or-down-2026-02-27-08:45,0xee9b964d944a28751307b1b2f1a8e80323642e9321c56ba8fb55eb3357d3a6da,
,1772200731,2026-02-27 13:58:51,2026-02-27 08:58:51,0xd015de9ba4b79a2e439d59f90c8236dbee940649,BUY,0.999,5.0,4.995,19543950033669080859003415610427800083578649559767237547972254689958076102534,0x05c419f551c068f4a2afa8a1ad0318ee6bc16e0e91c8367f5273cd5690f0c0a0,Up,eth-15min-up-or-down-2026-02-27-08:45,0x549d8e668d4d64f6a81fd4a9fc696e8fa689abeb8dd8654904a61c3f71551372,
,1772200731,2026-02-27 13:58:51,2026-02-27 08:58:51,0xd015de9ba4b79a2e439d59f90c8236dbee940649,BUY,0.999,5.0,4.995,19543950033669080859003415610427800083578649559767237547972254689958076102534,0x05c419f551c068f4a2afa8a1ad0318ee6bc16e0e91c8367f5273cd5690f0c0a0,Up,eth-15min-up-or-down-2026-02-27-08:45,0x2c84e006c8dbeb0d0b029f656afe19bb32731f764775e37d1d5d4817a31f6357,
,1772200731,2026-02-27 13:58:51,2026-02-27 08:58:51,0xd015de9ba4b79a2e439d59f90c8236dbee940649,BUY,0.999,5.0,4.995,19543950033669080859003415610427800083578649559767237547972254689958076102534,0x05c419f551c068f4a2afa8a1ad0318ee6bc16e0e91c8367f5273cd5690f0c0a0,Up,eth-15min-up-or-down-2026-02-27-08:45,0x58d59601c140d8b34843ab815b8facba9ab84769960e0de7efd3b6bdb414d4f3,
,1772200731,2026-02-27 13:58:51,2026-02-27 08:58:51,0xd015de9ba4b79a2e439d59f90c8236dbee940649,BUY,0.999,5.0,4.995,19543950033669080859003415610427800083578649559767237547972254689958076102534,0x05c419f551c068f4a2afa8a1ad0318ee6bc16e0e91c8367f5273cd5690f0c0a0,Up,eth-15min-up-or-down-2026-02-27-08:45,0xe976f1faf224b363fbe5fa556e56b9b0dc1ee1319ddfbc5e2bab2ef8c57580f8,
,1772198977,2026-02-27 13:29:37,2026-02-27 08:29:37,0xd015de9ba4b79a2e439d59f90c8236dbee940649,BUY,0.999,5.0,4.995,67250986151873908747031540559565337357540796666486785717151793071734316786178,0x5ffc8b5cc9e12ed324f79f749ada711c5790c06af62ead48378a303cbfc60525,Down,sol-15min-up-or-down-2026-02-27-08:15,0x75fa9099fbe47b81baaa73e85df1722421bbf6f73a0e97279b14d7078436cd0c,
,1772198977,2026-02-27 13:29:37,2026-02-27 08:29:37,0xd015de9ba4b79a2e439d59f90c8236dbee940649,BUY,0.999,5.0,4.995,67250986151873908747031540559565337357540796666486785717151793071734316786178,0x5ffc8b5cc9e12ed324f79f749ada711c5790c06af62ead48378a303cbfc60525,Down,sol-15min-up-or-down-2026-02-27-08:15,0x5a2c01910d6dd2d9718cc4992e603620839b4f50cf7fa9d7c13d9ec5af8146e4,
,1772186137,2026-02-27 09:55:37,2026-02-27 04:55:37,0xd015de9ba4b79a2e439d59f90c8236dbee940649,BUY,0.999,5.0,4.995,89099921963617327515487011351004942964874675955330721778986216189077764323166,0x2c3b096d75db4d517bdc8d8ec013c471a31c2066a3d90a75be7a1c53d7a925d1,Down,btc-15min-up-or-down-2026-02-27-04:45,0xa26425c41c84daa502fe5f26998f186ee8ecbb15789d292eed785b5a740c238d,
,1772186137,2026-02-27 09:55:37,2026-02-27 04:55:37,0xd015de9ba4b79a2e439d59f90c8236dbee940649,BUY,0.999,5.0,4.995,89099921963617327515487011351004942964874675955330721778986216189077764323166,0x2c3b096d75db4d517bdc8d8ec013c471a31c2066a3d90a75be7a1c53d7a925d1,Down,btc-15min-up-or-down-2026-02-27-04:45,0xa26425c41c84daa502fe5f26998f186ee8ecbb15789d292eed785b5a740c238d,
,1772186137,2026-02-27 09:55:37,2026-02-27 04:55:37,0xd015de9ba4b79a2e439d59f90c8236dbee940649,BUY,0.999,5.0,4.995,89099921963617327515487011351004942964874675955330721778986216189077764323166,0x2c3b096d75db4d517bdc8d8ec013c471a31c2066a3d90a75be7a1c53d7a925d1,Down,btc-15min-up-or-down-2026-02-27-04:45,0xa26425c41c84daa502fe5f26998f186ee8ecbb15789d292eed785b5a740c238d,
,1772186137,2026-02-27 09:55:37,2026-02-27 04:55:37,0xd015de9ba4b79a2e439d59f90c8236dbee940649,BUY,0.999,5.0,4.995,89099921963617327515487011351004942964874675955330721778986216189077764323166,0x2c3b096d75db4d517bdc8d8ec013c471a31c2066a3d90a75be7a1c53d7a925d1,Down,btc-15min-up-or-down-2026-02-27-04:45,0xa26425c41c84daa502fe5f26998f186ee8ecbb15789d292eed785b5a740c238d,
,1772185125,2026-02-27 09:38:45,2026-02-27 04:38:45,0xd015de9ba4b79a2e439d59f90c8236dbee940649,BUY,0.999,5.0,4.995,108561913755606613487135319346283745908504065772176791903181221688352378437838,0xa832be52cda3086f0a844fb98764ebfdbe18a48c51f12401ecd923ce4a81ad69,Down,btc-5min-up-or-down-2026-02-27-04:35,0x70a361d0815ce1fefb5ad90db30b62a02e53b982acd756d6208bb015de782fee,
,1772185125,2026-02-27 09:38:45,2026-02-27 04:38:45,0xd015de9ba4b79a2e439d59f90c8236dbee940649,BUY,0.999,5.0,4.995,108561913755606613487135319346283745908504065772176791903181221688352378437838,0xa832be52cda3086f0a844fb98764ebfdbe18a48c51f12401ecd923ce4a81ad69,Down,btc-5min-up-or-down-2026-02-27-04:35,0x70a361d0815ce1fefb5ad90db30b62a02e53b982acd756d6208bb015de782fee,
,1772184379,2026-02-27 09:26:19,2026-02-27 04:26:19,0xd015de9ba4b79a2e439d59f90c8236dbee940649,BUY,0.999,5.0,4.995,29947053595497768828521442643427787380408646502713530428428518566776901295528,0x65947b22c448011d6322715efceb5e5d262d4c81999031a25201908a181c1be3,Down,sol-15min-up-or-down-2026-02-27-04:15,0xca9a4518e439b1151866d1724220965a56b3c001df47fd06209490c198b09be2,
,1772184379,2026-02-27 09:26:19,2026-02-27 04:26:19,0xd015de9ba4b79a2e439d59f90c8236dbee940649,BUY,0.999,5.0,4.995,29947053595497768828521442643427787380408646502713530428428518566776901295528,0x65947b22c448011d6322715efceb5e5d262d4c81999031a25201908a181c1be3,Down,sol-15min-up-or-down-2026-02-27-04:15,0xca9a4518e439b1151866d1724220965a56b3c001df47fd06209490c198b09be2,
,1772184379,2026-02-27 09:26:19,2026-02-27 04:26:19,0xd015de9ba4b79a2e439d59f90c8236dbee940649,BUY,0.999,5.0,4.995,29947053595497768828521442643427787380408646502713530428428518566776901295528,0x65947b22c448011d6322715efceb5e5d262d4c81999031a25201908a181c1be3,Down,sol-15min-up-or-down-2026-02-27-04:15,0xca9a4518e439b1151866d1724220965a56b3c001df47fd06209490c198b09be2,
,1772184379,2026-02-27 09:26:19,2026-02-27 04:26:19,0xd015de9ba4b79a2e439d59f90c8236dbee940649,BUY,0.999,5.0,4.995,29947053595497768828521442643427787380408646502713530428428518566776901295528,0x65947b22c448011d6322715efceb5e5d262d4c81999031a25201908a181c1be3,Down,sol-15min-up-or-down-2026-02-27-04:15,0xca9a4518e439b1151866d1724220965a56b3c001df47fd06209490c198b09be2,
,1772183697,2026-02-27 09:14:57,2026-02-27 04:14:57,0xd015de9ba4b79a2e439d59f90c8236dbee940649,BUY,0.999,5.0,4.995,18698950803921452730214623132026746388209207837978470596753204523463845265930,0xae1e7b029e37a79285c1b5874b0524121dccdd10294fe49794d6a88581e09095,Up,xrp-15min-up-or-down-2026-02-27-04:00,0xc9fc6754936603e23ba4a6b884c19e38d570a0c8a26c22d008ea527737ba2434,
,1772183697,2026-02-27 09:14:57,2026-02-27 04:14:57,0xd015de9ba4b79a2e439d59f90c8236dbee940649,BUY,0.999,5.0,4.995,18698950803921452730214623132026746388209207837978470596753204523463845265930,0xae1e7b029e37a79285c1b5874b0524121dccdd10294fe49794d6a88581e09095,Up,xrp-15min-up-or-down-2026-02-27-04:00,0xc9fc6754936603e23ba4a6b884c19e38d570a0c8a26c22d008ea527737ba2434,
,1772181829,2026-02-27 08:43:49,2026-02-27 03:43:49,0xd015de9ba4b79a2e439d59f90c8236dbee940649,BUY,0.999,5.0,4.995,114747943010870138817092318890234444922903250452017286105415194435314035157130,0x6dc7fd8e9c0010c52ee4238badf83cb31c07fd5d662767cafccbe1aa9f2bec5f,Down,eth-15min-up-or-down-2026-02-27-03:30,0xfcc356411a1374060bacaceb28ceb4b0dc516f334606002b0c5c06efd5c51892,
,1772181829,2026-02-27 08:43:49,2026-02-27 03:43:49,0xd015de9ba4b79a2e439d59f90c8236dbee940649,BUY,0.999,5.0,4.995,114747943010870138817092318890234444922903250452017286105415194435314035157130,0x6dc7fd8e9c0010c52ee4238badf83cb31c07fd5d662767cafccbe1aa9f2bec5f,Down,eth-15min-up-or-down-2026-02-27-03:30,0xe297414369f875c65d2bafe4f8516b0345cef4c9aa80ecaf2f1c507813e6c492,
,1772181829,2026-02-27 08:43:49,2026-02-27 03:43:49,0xd015de9ba4b79a2e439d59f90c8236dbee940649,BUY,0.999,5.0,4.995,114747943010870138817092318890234444922903250452017286105415194435314035157130,0x6dc7fd8e9c0010c52ee4238badf83cb31c07fd5d662767cafccbe1aa9f2bec5f,Down,eth-15min-up-or-down-2026-02-27-03:30,0xf8480a9c3a345eb21ef01e1c94de6536f8a149c0cb3a41e38064a8eddd0b7df4,
,1772181829,2026-02-27 08:43:49,2026-02-27 03:43:49,0xd015de9ba4b79a2e439d59f90c8236dbee940649,BUY,0.999,5.0,4.995,114747943010870138817092318890234444922903250452017286105415194435314035157130,0x6dc7fd8e9c0010c52ee4238badf83cb31c07fd5d662767cafccbe1aa9f2bec5f,Down,eth-15min-up-or-down-2026-02-27-03:30,0x88437c8456c3047a8252f2d72d7267bcd6f4a8363dae3e30c28ca07ccf5356e7,
